,Actual,Predicted
7244,62,62.0
8347,97,97.0
12173,70,70.0
9260,89,89.0
7791,57,57.0
360,96,96.0
5861,37,37.0
8362,95,95.0
12098,87,87.0
3833,80,80.0
2328,87,87.0
7550,47,47.0
10270,81,81.0
7955,8,8.0
6625,65,65.0
1864,57,57.0
5278,78,78.0
3120,1,1.0
4879,6,6.0
2919,86,86.0
10329,99,99.0
10007,73,73.0
3487,81,81.0
6023,75,75.0
10170,78,78.0
12230,51,51.0
8887,22,22.0
6755,4,4.0
6384,25,24.0
10841,44,44.0
3995,61,59.0
4993,45,45.0
11961,100,100.0
2564,58,58.0
5087,3,3.0
11838,44,44.0
7689,100,100.0
9418,65,65.0
396,93,93.0
5998,94,78.0
4561,69,69.0
8141,22,22.0
10561,14,14.0
11839,6,6.0
11812,62,62.0
10804,71,71.0
7990,92,92.0
2420,60,60.0
9620,22,22.0
11077,52,52.0
9798,76,76.0
11412,97,97.0
8403,90,90.0
828,50,50.0
2619,82,82.0
3265,51,51.0
2439,7,7.0
8690,70,34.0
385,33,33.0
6576,24,24.0
11300,59,61.0
1732,57,57.0
7310,15,15.0
7320,71,71.0
11121,93,93.0
8062,83,83.0
1434,6,6.0
8168,22,22.0
4674,24,25.0
7945,18,18.0
1844,66,66.0
8950,87,87.0
3473,83,83.0
10930,58,58.0
293,24,25.0
8107,79,79.0
2057,50,50.0
1662,87,87.0
247,44,44.0
3449,58,58.0
993,75,75.0
12265,80,80.0
7698,37,37.0
6520,75,75.0
10459,45,45.0
533,73,73.0
11830,88,88.0
8798,14,14.0
9395,60,60.0
9440,13,13.0
10799,18,18.0
8092,39,37.0
311,42,43.0
1570,77,77.0
1022,52,52.0
5421,20,20.0
673,60,60.0
8341,90,90.0
12251,88,88.0
4202,6,6.0
1188,44,44.0
1157,60,60.0
5125,14,14.0
6875,62,62.0
7487,59,61.0
9307,71,71.0
1430,10,10.0
2655,64,64.0
6029,56,56.0
8598,82,82.0
1350,40,40.0
1530,65,65.0
749,22,22.0
11180,31,31.0
2982,47,47.0
9368,86,86.0
2310,82,82.0
8757,87,87.0
927,48,48.0
3781,19,19.0
5553,20,20.0
10197,14,14.0
4418,91,91.0
4508,82,82.0
9835,83,83.0
2974,85,85.0
772,12,12.0
1595,43,43.0
5100,4,4.0
8515,54,54.0
5758,83,83.0
7131,55,55.0
11943,13,13.0
7781,85,85.0
2442,31,31.0
7811,4,4.0
8903,27,27.0
8014,33,33.0
4541,12,12.0
9586,9,9.0
4301,15,15.0
10595,33,33.0
3777,6,6.0
10692,26,29.0
4064,50,50.0
613,61,59.0
5587,50,50.0
6117,88,88.0
8495,50,50.0
11928,17,17.0
1722,58,58.0
3101,41,41.0
2128,60,60.0
12105,72,72.0
9909,49,49.0
135,29,29.0
6487,43,43.0
6417,95,95.0
3060,52,52.0
1261,57,57.0
2366,61,61.0
7567,71,71.0
9063,81,81.0
8747,86,86.0
7171,67,67.0
200,16,16.0
2232,56,56.0
3684,100,100.0
11867,9,9.0
4714,89,89.0
7242,29,29.0
10149,71,71.0
9456,100,100.0
4123,82,82.0
8437,28,28.0
99,56,72.0
7089,76,76.0
10499,57,57.0
3027,25,25.0
1683,22,22.0
8839,87,87.0
4913,15,15.0
9584,37,37.0
1701,57,57.0
5331,13,13.0
11907,98,98.0
724,85,85.0
6110,56,56.0
10690,64,64.0
4755,39,37.0
4189,21,21.0
518,6,6.0
4924,85,85.0
6438,30,30.0
7573,40,40.0
2201,56,56.0
1197,68,68.0
3219,74,74.0
5438,45,45.0
9162,36,36.0
7510,84,84.0
6159,76,76.0
333,68,68.0
4463,5,5.0
10654,93,93.0
7745,32,32.0
8223,95,95.0
10183,27,27.0
7960,13,13.0
3884,34,34.0
6790,10,10.0
9139,28,28.0
2474,77,77.0
12033,5,5.0
3919,90,90.0
4844,15,15.0
11433,97,97.0
218,12,12.0
10468,25,24.0
9767,31,31.0
9059,82,82.0
2342,44,44.0
5981,17,17.0
10375,35,35.0
5875,12,12.0
8665,50,50.0
11406,22,22.0
10319,20,20.0
10829,18,18.0
9157,61,61.0
10714,1,1.0
7649,39,37.0
11052,96,96.0
5318,64,64.0
9668,57,57.0
8380,81,81.0
10383,1,1.0
11189,61,59.0
7639,69,69.0
10775,97,97.0
102,16,16.0
3571,85,85.0
9749,26,29.0
10221,79,79.0
6175,58,58.0
1043,80,80.0
11700,90,90.0
11064,89,89.0
7733,71,71.0
2754,25,25.0
3272,89,89.0
11788,8,8.0
6347,25,24.0
5153,28,28.0
747,25,24.0
2452,42,42.0
3578,71,71.0
2536,37,37.0
5230,95,95.0
10991,73,73.0
6022,86,86.0
2576,35,35.0
11437,87,87.0
473,6,6.0
1010,49,12.0
3485,9,9.0
9069,64,64.0
357,34,34.0
7028,61,61.0
429,44,44.0
9045,85,85.0
2879,70,70.0
10437,90,90.0
9390,16,16.0
5328,86,86.0
2633,34,34.0
12117,32,32.0
8922,12,12.0
6018,33,33.0
11244,11,11.0
3412,89,89.0
11277,25,24.0
5372,48,48.0
7524,68,68.0
304,42,42.0
10186,24,24.0
7872,35,35.0
4918,20,20.0
6415,86,86.0
1766,40,40.0
9775,43,43.0
3694,65,65.0
970,16,16.0
149,59,61.0
2455,65,65.0
1047,4,4.0
2168,44,44.0
12192,57,57.0
10987,85,85.0
9572,13,13.0
9603,52,52.0
1213,60,60.0
8969,72,72.0
8890,89,89.0
11531,58,58.0
8558,10,10.0
9729,95,95.0
5665,44,44.0
5216,73,71.0
10599,45,45.0
4338,86,86.0
5357,89,89.0
9350,39,37.0
7954,46,46.0
6567,12,12.0
5206,11,11.0
9370,69,69.0
11373,56,56.0
12017,16,16.0
9988,88,88.0
8422,86,86.0
1665,97,97.0
10887,92,92.0
3355,28,28.0
5354,15,15.0
5577,85,85.0
3679,75,75.0
3834,16,16.0
70,39,37.0
4960,73,73.0
10856,52,52.0
11413,14,14.0
7915,57,57.0
6085,97,97.0
379,7,7.0
3753,52,52.0
8693,97,97.0
1692,29,29.0
4092,99,99.0
3804,50,50.0
5168,45,45.0
2250,83,83.0
1413,100,100.0
10736,90,90.0
1793,57,57.0
4867,85,85.0
3963,22,22.0
1614,70,70.0
10503,14,14.0
6286,89,89.0
2459,36,36.0
2527,61,59.0
9387,79,79.0
8424,58,58.0
450,7,7.0
1941,37,39.0
11625,21,21.0
10365,87,87.0
47,88,88.0
12256,2,2.0
1039,64,64.0
6277,33,33.0
10881,48,43.0
10171,22,22.0
221,32,32.0
538,25,25.0
8251,6,6.0
5817,24,25.0
1453,61,61.0
11621,18,18.0
2167,99,99.0
2301,93,93.0
101,51,37.0
4630,56,56.0
8935,44,44.0
4291,8,8.0
744,61,59.0
2865,85,85.0
7642,5,5.0
9425,30,30.0
7472,76,76.0
624,66,66.0
5942,86,86.0
1236,69,69.0
1769,43,43.0
10679,58,58.0
5589,3,3.0
3635,93,93.0
2444,55,55.0
2271,45,45.0
2333,26,29.0
4785,38,38.0
8077,86,86.0
1408,40,40.0
2984,79,79.0
6802,8,8.0
8419,88,88.0
7553,22,22.0
4684,39,37.0
6291,64,64.0
1217,90,90.0
5130,72,72.0
8799,53,73.0
7406,13,13.0
1368,81,81.0
19,28,28.0
1839,6,6.0
4819,24,24.0
1373,54,54.0
3082,9,9.0
5030,61,61.0
3708,58,58.0
4843,70,70.0
10874,39,37.0
3649,61,59.0
7507,4,4.0
10889,87,87.0
321,74,74.0
10336,95,95.0
7969,1,1.0
12054,97,97.0
6280,68,68.0
12082,78,78.0
6128,52,52.0
6125,89,89.0
10094,93,93.0
11241,95,95.0
4168,64,64.0
5502,1,1.0
3991,33,33.0
6187,66,66.0
1121,25,24.0
263,20,20.0
2894,48,48.0
1107,30,30.0
10272,22,22.0
2046,83,83.0
3433,31,31.0
4404,31,31.0
9931,61,61.0
4950,48,48.0
3351,64,64.0
7169,25,24.0
11991,73,73.0
2664,57,57.0
8349,20,20.0
1496,16,16.0
9039,25,24.0
3307,77,77.0
8748,63,63.0
9497,86,86.0
6253,57,57.0
7484,68,68.0
11627,43,43.0
741,3,3.0
3550,34,70.0
5653,73,73.0
1002,66,66.0
5099,18,18.0
7589,93,93.0
1650,37,37.0
6814,86,86.0
12241,30,30.0
2239,18,18.0
9808,87,87.0
9562,14,14.0
5513,22,22.0
4099,13,13.0
6492,2,2.0
9926,4,4.0
1498,95,95.0
11569,94,94.0
8440,24,25.0
8074,59,61.0
4352,95,95.0
2039,75,75.0
10148,61,61.0
3464,49,49.0
1139,45,45.0
2859,13,13.0
8494,71,71.0
3508,89,89.0
5646,30,30.0
3441,60,60.0
7919,57,57.0
290,4,4.0
8883,4,4.0
3838,89,89.0
4139,59,61.0
10166,8,8.0
8095,52,52.0
5697,71,71.0
10940,8,8.0
7536,27,27.0
7923,56,56.0
10400,42,42.0
9321,66,66.0
1791,88,88.0
6391,17,17.0
9455,38,38.0
8660,73,73.0
2685,3,3.0
95,93,93.0
33,10,10.0
9853,57,57.0
2981,85,85.0
967,6,6.0
12259,14,14.0
4655,85,85.0
3059,99,99.0
6363,14,14.0
3912,25,24.0
59,95,95.0
11324,74,74.0
3016,59,61.0
2184,66,66.0
7632,29,29.0
12291,62,62.0
2142,44,44.0
10299,66,66.0
4040,47,47.0
895,41,41.0
5479,22,22.0
3231,100,100.0
5666,37,37.0
3098,61,61.0
10648,40,40.0
10115,49,49.0
1369,51,51.0
5538,75,75.0
12262,92,92.0
8728,8,8.0
3528,54,54.0
9525,88,88.0
12207,98,98.0
3043,61,61.0
11708,56,56.0
8063,24,24.0
373,39,37.0
8145,10,10.0
9638,33,33.0
10103,47,62.0
4313,95,95.0
4308,86,86.0
11610,58,58.0
8205,20,20.0
3344,33,33.0
12171,36,36.0
4257,1,1.0
3314,65,65.0
8323,61,61.0
9405,15,15.0
2791,68,68.0
10979,86,86.0
2183,22,22.0
11659,59,59.0
9211,44,44.0
3800,50,50.0
3822,72,72.0
1351,1,1.0
2236,19,19.0
5071,14,14.0
1383,60,60.0
3705,20,20.0
5279,76,76.0
12199,89,89.0
6145,35,35.0
1491,72,72.0
7450,42,42.0
6935,19,19.0
8744,4,4.0
2929,99,99.0
2487,95,95.0
8589,62,62.0
119,88,88.0
2351,41,41.0
9871,89,89.0
10600,20,20.0
7387,85,85.0
9112,19,19.0
6137,97,97.0
3187,61,59.0
5643,69,69.0
3656,64,64.0
5785,89,89.0
5176,4,4.0
1954,19,19.0
6590,62,62.0
10941,64,64.0
1085,45,45.0
9356,46,46.0
11272,31,31.0
5344,50,50.0
5958,4,4.0
11975,1,1.0
8113,3,3.0
11122,6,6.0
6648,18,18.0
4724,89,89.0
10059,4,4.0
8983,93,93.0
2588,55,55.0
9964,82,82.0
7198,25,24.0
2614,56,56.0
6973,16,16.0
4793,10,10.0
6580,47,47.0
11911,22,22.0
11009,87,87.0
9481,65,65.0
1593,29,29.0
7118,97,97.0
850,15,15.0
6795,31,31.0
8904,77,77.0
424,42,43.0
554,68,68.0
8732,97,97.0
487,51,37.0
11082,72,56.0
2020,18,18.0
12139,54,54.0
8046,86,86.0
10614,58,58.0
6027,66,66.0
7747,31,31.0
2102,37,37.0
468,70,70.0
10434,19,19.0
3434,18,18.0
9230,9,9.0
11495,35,35.0
2422,3,3.0
8539,86,86.0
12170,84,84.0
6729,58,58.0
8953,39,37.0
2380,52,52.0
5364,94,94.0
11552,86,86.0
1006,94,94.0
3989,98,98.0
2215,66,66.0
10428,79,79.0
7590,52,52.0
5761,37,37.0
8005,16,16.0
5061,48,43.0
6372,100,100.0
7652,99,99.0
6014,28,28.0
5935,37,37.0
3891,33,33.0
4608,66,66.0
245,13,13.0
4035,29,29.0
9960,92,92.0
1178,55,55.0
9932,95,95.0
1358,40,40.0
1068,19,19.0
4860,46,46.0
4672,36,36.0
12115,49,49.0
12024,51,51.0
4747,4,4.0
11030,63,63.0
1166,85,85.0
9836,66,66.0
9954,86,86.0
4073,37,39.0
9257,84,74.0
1955,9,9.0
5337,12,12.0
461,87,87.0
1934,74,74.0
5740,92,92.0
7770,85,85.0
10039,4,4.0
11049,79,79.0
12015,37,37.0
10727,95,95.0
14,72,72.0
12109,94,94.0
9416,3,3.0
5028,23,23.0
3671,68,68.0
11063,38,38.0
4766,68,68.0
7582,33,33.0
1720,44,44.0
10531,61,61.0
5312,24,24.0
4921,69,69.0
6632,12,12.0
1579,76,76.0
10180,41,41.0
7146,61,59.0
2470,89,89.0
8696,5,5.0
3375,6,6.0
5358,42,42.0
6604,5,5.0
3702,57,57.0
5294,99,99.0
1402,10,31.0
2802,89,89.0
5322,16,16.0
10158,57,57.0
5032,65,65.0
1421,26,29.0
3894,39,37.0
6030,90,90.0
214,71,71.0
3290,46,46.0
6497,25,24.0
9176,37,37.0
6515,91,91.0
9150,25,24.0
4959,65,65.0
9159,4,4.0
1697,37,37.0
2348,82,82.0
6310,84,84.0
7187,28,28.0
2389,17,17.0
3703,53,53.0
7007,37,37.0
4695,43,43.0
3746,15,15.0
4520,27,27.0
8768,46,46.0
2684,86,86.0
9609,25,25.0
12250,29,29.0
4870,86,86.0
8271,93,93.0
647,67,67.0
10108,85,85.0
736,73,73.0
1621,67,67.0
4477,5,5.0
12161,69,69.0
937,54,54.0
5657,38,38.0
3798,62,62.0
1175,61,61.0
2405,37,37.0
6338,14,14.0
1053,58,58.0
10671,29,29.0
2453,61,61.0
7054,88,88.0
9983,32,32.0
11346,37,37.0
31,95,95.0
8057,24,24.0
10154,37,37.0
5781,13,13.0
8878,16,16.0
3570,5,5.0
2609,63,63.0
7037,97,97.0
7309,83,83.0
1768,12,12.0
50,51,37.0
9169,21,21.0
483,21,21.0
6551,20,20.0
4614,58,58.0
10543,11,11.0
9511,37,37.0
2019,72,72.0
7105,51,51.0
7201,56,56.0
8371,41,41.0
8708,61,61.0
2615,65,65.0
11280,37,37.0
9134,19,19.0
12268,86,86.0
3853,55,55.0
6867,58,58.0
7937,61,59.0
1739,41,41.0
3467,86,86.0
12141,46,66.0
7482,59,61.0
299,31,31.0
10413,28,28.0
9303,7,7.0
6162,52,52.0
6208,97,97.0
6475,49,49.0
6719,42,42.0
8663,57,57.0
4617,83,83.0
10693,97,97.0
10363,15,15.0
3006,44,44.0
10577,87,87.0
668,44,44.0
5805,86,86.0
10866,12,12.0
4540,38,38.0
5516,72,72.0
7914,25,24.0
11664,19,19.0
10053,38,38.0
8426,58,58.0
3599,41,41.0
3295,6,6.0
303,37,37.0
12307,44,44.0
8537,42,42.0
4851,15,15.0
3210,17,17.0
5703,90,90.0
7735,46,46.0
839,17,17.0
5157,64,64.0
10450,91,91.0
1153,52,52.0
5723,63,63.0
2798,71,71.0
12081,57,57.0
9554,34,34.0
10252,72,72.0
2009,85,85.0
8346,95,95.0
9515,89,89.0
1470,44,44.0
1512,77,77.0
3717,13,13.0
5221,36,36.0
10557,73,73.0
4693,57,57.0
4877,80,80.0
3100,19,19.0
6053,86,86.0
8939,93,93.0
2680,63,63.0
1602,67,67.0
11925,85,85.0
5025,52,52.0
7127,33,33.0
9893,76,79.0
5384,60,60.0
2913,20,20.0
6800,25,24.0
6702,27,27.0
3021,64,64.0
11655,48,48.0
9566,13,13.0
2629,18,18.0
1078,65,65.0
11402,36,36.0
1623,76,76.0
10970,93,93.0
3334,17,17.0
7918,15,15.0
434,61,61.0
9859,1,1.0
2807,56,56.0
9513,58,58.0
10072,76,76.0
2119,86,86.0
6069,61,61.0
4382,76,76.0
3366,81,81.0
5140,28,28.0
3790,28,28.0
4411,55,55.0
7660,75,75.0
11289,84,74.0
2996,85,85.0
7070,52,52.0
4341,20,20.0
2357,94,94.0
856,35,35.0
7942,97,97.0
4075,75,75.0
11753,89,89.0
4385,59,61.0
5496,98,98.0
6903,3,3.0
11155,59,61.0
8976,43,43.0
3728,65,65.0
11105,99,99.0
2069,57,57.0
4393,56,56.0
9457,80,80.0
11421,73,73.0
10113,57,57.0
8158,48,48.0
9824,94,94.0
3352,11,11.0
12266,96,96.0
4898,96,96.0
7822,38,38.0
8374,61,61.0
107,21,21.0
2252,25,24.0
5228,97,97.0
7586,81,81.0
6322,10,10.0
7173,85,85.0
7895,66,66.0
11218,57,57.0
8146,84,84.0
8138,58,58.0
6886,49,49.0
5076,25,24.0
11825,37,37.0
5709,86,86.0
217,90,90.0
12302,57,57.0
7247,78,78.0
9088,31,31.0
1669,72,72.0
5894,57,57.0
8176,64,64.0
11181,83,83.0
510,99,99.0
700,85,85.0
1983,82,82.0
5792,42,42.0
11301,4,4.0
4281,78,78.0
11379,34,34.0
6691,91,91.0
2554,85,85.0
573,17,17.0
1825,78,78.0
39,4,4.0
10304,86,86.0
2968,95,95.0
12213,24,24.0
2884,17,17.0
1743,3,3.0
6572,61,61.0
5733,82,82.0
5899,39,37.0
5852,97,97.0
932,33,33.0
6956,10,10.0
6062,33,33.0
3482,55,55.0
6759,17,17.0
3130,82,82.0
1427,6,6.0
5146,4,4.0
5226,37,37.0
346,69,69.0
2616,15,15.0
1323,61,61.0
10141,24,24.0
9863,48,48.0
3193,54,54.0
8813,13,13.0
12140,20,20.0
9288,34,34.0
251,60,60.0
9598,39,37.0
9915,17,17.0
11744,62,62.0
10145,82,82.0
5380,44,44.0
9648,44,44.0
10152,16,16.0
3859,16,16.0
8701,18,18.0
11641,46,46.0
5106,12,12.0
2611,28,28.0
2692,9,9.0
10087,95,95.0
2498,33,33.0
3958,86,86.0
5632,96,96.0
7039,76,76.0
811,3,3.0
7366,32,32.0
971,89,89.0
5268,18,18.0
6455,13,13.0
8856,47,47.0
5965,15,15.0
1399,23,23.0
6428,27,27.0
11732,96,96.0
2471,44,44.0
812,41,41.0
5250,95,95.0
177,22,22.0
4046,82,82.0
10811,95,95.0
6127,40,40.0
3244,18,18.0
10388,46,46.0
11236,52,52.0
9129,1,1.0
8169,67,67.0
3105,96,96.0
4233,75,75.0
8486,93,93.0
12267,86,86.0
1414,61,61.0
4100,6,6.0
8218,17,17.0
457,76,79.0
8772,58,58.0
10023,3,3.0
10695,82,82.0
4687,69,69.0
2189,25,25.0
5727,54,54.0
3896,50,50.0
2270,28,28.0
8289,56,56.0
6575,55,55.0
5173,5,5.0
3349,37,37.0
11572,87,87.0
5863,61,61.0
10989,20,20.0
9757,1,1.0
6444,27,27.0
1713,79,79.0
4783,14,14.0
10722,32,32.0
11374,93,93.0
2231,60,60.0
12252,61,61.0
8832,7,7.0
1320,53,53.0
2596,64,64.0
9413,43,43.0
1208,15,15.0
10008,32,32.0
5367,55,55.0
210,82,82.0
8743,59,61.0
8654,52,52.0
651,84,84.0
10403,78,78.0
3107,22,22.0
7598,13,13.0
6348,59,61.0
1347,83,83.0
7874,40,40.0
10527,40,40.0
1516,51,51.0
9927,4,4.0
11679,10,10.0
5431,25,24.0
9974,25,24.0
2586,38,38.0
398,19,19.0
3387,37,37.0
908,16,16.0
592,44,44.0
9137,26,29.0
2174,51,51.0
12233,99,99.0
3455,35,35.0
6594,22,22.0
12153,93,93.0
4201,13,13.0
10984,38,38.0
10575,30,30.0
764,40,40.0
4335,3,3.0
582,30,30.0
8001,78,78.0
2858,7,7.0
8594,92,92.0
8538,20,20.0
5298,86,86.0
8526,89,89.0
4111,39,37.0
3447,38,38.0
3208,93,93.0
1562,90,90.0
3914,57,57.0
6433,14,14.0
9383,98,98.0
7456,79,79.0
4889,100,100.0
9725,91,91.0
3017,80,80.0
1945,13,13.0
3299,13,13.0
4975,16,16.0
1142,79,79.0
3316,31,31.0
3288,52,52.0
1277,38,38.0
5386,48,48.0
3411,95,95.0
9285,35,35.0
1346,39,37.0
1275,22,22.0
8810,58,58.0
7492,39,37.0
11108,100,100.0
8094,32,32.0
9705,82,82.0
1282,24,25.0
3794,26,29.0
6351,23,23.0
2144,70,70.0
7847,23,23.0
4420,81,81.0
4026,17,13.0
2666,42,42.0
12075,61,61.0
9626,92,92.0
4129,12,12.0
7752,91,91.0
10165,57,57.0
2267,65,65.0
8761,61,61.0
8576,44,44.0
9878,12,15.0
1250,49,49.0
6260,36,36.0
9292,65,65.0
248,69,69.0
2620,89,89.0
9594,62,62.0
10942,19,19.0
562,61,61.0
2012,34,34.0
8507,70,70.0
11330,93,93.0
9758,14,14.0
10976,67,67.0
914,22,22.0
11467,60,60.0
10312,90,90.0
11364,39,37.0
2088,4,4.0
6887,53,53.0
9267,57,57.0
862,6,6.0
8855,61,61.0
8516,35,35.0
7580,99,99.0
9396,85,85.0
2559,46,46.0
1210,19,19.0
180,97,97.0
2751,75,75.0
2002,17,17.0
5771,63,64.0
3038,76,76.0
3529,81,81.0
6569,8,8.0
6913,37,37.0
8852,43,43.0
1740,66,66.0
10275,83,83.0
3207,98,98.0
4743,20,20.0
8402,3,3.0
6143,20,20.0
11286,19,19.0
9682,94,94.0
5920,67,67.0
4250,6,6.0
900,60,60.0
11888,49,49.0
10261,3,3.0
5720,24,25.0
10810,66,66.0
2290,14,14.0
1483,45,45.0
4863,2,2.0
92,32,32.0
5809,95,95.0
2582,25,24.0
7048,7,7.0
4802,34,34.0
10102,8,8.0
9021,3,3.0
3025,74,74.0
9755,37,37.0
3846,10,10.0
4771,23,23.0
4112,28,28.0
1084,72,72.0
5282,97,97.0
2391,70,70.0
8216,25,24.0
1457,96,96.0
12005,58,58.0
10990,98,98.0
7092,97,97.0
6174,13,13.0
9215,61,61.0
3068,14,14.0
10164,6,6.0
408,25,25.0
3851,83,83.0
11305,13,13.0
4663,87,87.0
6805,62,62.0
1953,26,29.0
6681,89,89.0
11994,7,7.0
9509,3,3.0
11909,50,50.0
2543,100,100.0
6926,34,34.0
8959,86,86.0
7349,90,90.0
11813,95,95.0
6147,86,86.0
3115,64,64.0
8582,75,75.0
4746,60,60.0
7500,16,16.0
5996,46,46.0
11307,49,49.0
7202,86,86.0
4170,72,72.0
4226,86,86.0
1730,17,17.0
3592,40,40.0
8221,21,21.0
6754,89,89.0
3048,23,23.0
9226,69,69.0
7769,44,44.0
8730,100,100.0
330,35,35.0
4192,40,45.0
3910,6,6.0
2157,33,33.0
4004,78,78.0
1091,79,79.0
73,48,43.0
3325,44,44.0
7258,85,85.0
2963,40,40.0
9867,66,66.0
1688,4,4.0
3821,59,61.0
41,56,56.0
2519,57,57.0
11266,90,90.0
5803,58,58.0
7802,86,86.0
318,43,43.0
9994,86,86.0
6884,95,95.0
4132,29,29.0
10688,70,34.0
8753,38,38.0
8545,59,61.0
9839,65,65.0
11775,22,22.0
2638,58,58.0
5735,85,85.0
9807,88,88.0
2788,13,13.0
8568,12,12.0
2627,17,17.0
6494,87,87.0
85,55,55.0
3204,35,35.0
1355,6,6.0
8830,36,36.0
9672,44,44.0
1035,29,29.0
4475,95,95.0
1989,58,58.0
6232,29,29.0
3574,86,86.0
6386,25,24.0
6101,89,89.0
8455,58,58.0
4730,13,13.0
3643,60,60.0
11197,14,14.0
8793,54,54.0
8934,20,20.0
1617,7,7.0
2613,86,86.0
9751,1,1.0
10168,57,57.0
2943,48,48.0
11068,1,1.0
4696,61,61.0
9279,89,89.0
3772,62,62.0
898,32,32.0
8128,10,10.0
4119,55,55.0
958,91,91.0
7964,65,65.0
5714,85,85.0
8042,12,12.0
465,67,67.0
6329,3,3.0
4698,82,82.0
5711,44,44.0
6191,9,9.0
2818,25,24.0
868,37,37.0
9781,14,14.0
3131,86,86.0
10062,43,43.0
4299,19,15.0
4344,13,13.0
4489,100,100.0
6013,96,96.0
9641,61,61.0
1643,56,56.0
6491,83,83.0
6194,44,44.0
7379,67,67.0
8037,31,31.0
11656,59,59.0
6921,58,58.0
8045,31,31.0
7213,100,100.0
6962,97,97.0
3079,69,69.0
4782,11,11.0
8008,20,20.0
5149,37,37.0
7246,40,40.0
8246,69,69.0
5378,48,48.0
12308,73,73.0
1111,81,81.0
6075,96,96.0
11582,14,14.0
7612,57,57.0
12047,1,1.0
8643,63,63.0
8144,37,39.0
5404,6,6.0
2054,8,8.0
4128,82,82.0
4375,64,64.0
8581,48,48.0
4336,5,5.0
6858,52,52.0
2450,91,91.0
12084,40,40.0
1219,97,97.0
9770,59,59.0
5289,17,17.0
7075,86,86.0
4890,51,51.0
2021,69,69.0
6958,28,28.0
10101,15,15.0
1981,62,62.0
11468,91,91.0
3621,25,24.0
11113,43,43.0
5767,87,87.0
8506,43,43.0
3576,5,5.0
6834,98,98.0
543,34,34.0
9523,24,25.0
410,38,38.0
2407,18,18.0
8262,44,44.0
5174,89,89.0
5196,66,66.0
1433,27,27.0
11194,1,1.0
6948,61,59.0
10726,37,37.0
4122,10,10.0
3372,4,4.0
11669,25,24.0
2109,61,59.0
5802,13,13.0
733,90,90.0
8102,46,46.0
4929,52,52.0
2145,28,28.0
3971,46,46.0
9830,14,14.0
2531,89,89.0
9858,82,82.0
7940,77,77.0
6306,40,40.0
5324,79,79.0
5444,100,100.0
12272,93,93.0
9661,65,65.0
4447,94,94.0
9075,51,51.0
5424,86,86.0
4102,75,75.0
4149,61,61.0
5335,12,12.0
7795,13,13.0
5514,8,8.0
6383,86,86.0
4400,52,52.0
4963,90,90.0
902,28,28.0
8241,22,22.0
5359,58,58.0
9391,89,89.0
7040,1,1.0
493,93,93.0
8364,95,95.0
5786,37,37.0
11565,94,94.0
2769,76,76.0
10369,97,97.0
5787,97,97.0
6889,99,99.0
2390,67,67.0
150,32,32.0
4807,44,44.0
2227,12,15.0
5165,6,6.0
9849,95,95.0
4794,7,7.0
10649,79,79.0
8540,51,51.0
2901,99,99.0
3898,28,28.0
7593,87,87.0
9009,96,96.0
2608,76,76.0
708,51,51.0
4292,71,71.0
10750,22,22.0
5940,37,39.0
4983,27,27.0
10349,54,54.0
9132,3,3.0
7116,3,3.0
1090,97,97.0
35,37,37.0
5728,91,91.0
11514,6,6.0
7716,86,86.0
11742,82,82.0
8298,7,7.0
2864,45,45.0
7920,25,24.0
4982,45,45.0
428,21,21.0
11891,11,11.0
9095,54,54.0
4900,25,24.0
6735,100,100.0
9412,10,10.0
1923,15,15.0
2288,61,59.0
8291,88,88.0
2388,37,37.0
1971,75,75.0
9764,8,8.0
2085,32,32.0
2512,79,79.0
6098,78,78.0
1432,62,62.0
4718,61,59.0
5034,84,84.0
704,17,13.0
9423,45,45.0
5961,99,99.0
1634,87,87.0
2150,45,45.0
5114,62,62.0
11423,70,70.0
608,97,97.0
10672,16,16.0
2534,24,24.0
10157,57,57.0
5376,43,43.0
10751,75,75.0
10337,62,62.0
8773,15,15.0
5464,80,80.0
1586,68,68.0
5270,93,93.0
10782,37,39.0
758,37,37.0
6104,5,5.0
8072,47,47.0
8065,15,15.0
3413,15,15.0
12210,29,26.0
1978,29,29.0
5340,11,87.0
9216,4,4.0
399,18,18.0
930,40,40.0
6508,43,43.0
542,18,18.0
11764,27,27.0
9924,21,36.0
8265,98,98.0
4767,95,95.0
8982,98,98.0
1418,96,96.0
8116,5,5.0
2344,26,29.0
10863,4,4.0
2517,83,83.0
7095,44,44.0
5090,63,63.0
3429,59,61.0
367,44,44.0
1393,93,93.0
7283,100,100.0
5700,23,33.0
3585,54,54.0
3595,97,97.0
5843,41,41.0
10081,5,5.0
2995,37,37.0
7172,5,5.0
63,100,100.0
4415,80,80.0
4245,9,9.0
134,89,89.0
5459,48,48.0
11358,57,57.0
5129,89,89.0
10376,39,37.0
6934,74,66.0
3279,89,89.0
5400,25,24.0
7254,70,70.0
5993,76,76.0
7704,99,99.0
696,73,71.0
427,54,54.0
7562,93,93.0
9224,54,54.0
7195,8,8.0
2960,87,87.0
11131,57,57.0
4419,62,62.0
7853,37,37.0
3379,59,61.0
1964,100,100.0
11938,96,96.0
3169,72,72.0
676,84,66.0
5871,83,83.0
6911,95,95.0
5847,12,12.0
9376,79,79.0
2876,79,79.0
3752,22,22.0
10134,31,31.0
6037,91,91.0
6499,75,75.0
6495,78,78.0
11893,34,34.0
11678,56,56.0
5858,36,36.0
3353,87,87.0
2954,91,91.0
4828,4,4.0
5261,98,98.0
3573,25,25.0
9747,88,88.0
8511,95,95.0
2034,75,75.0
6561,85,85.0
740,28,28.0
0,3,3.0
1795,23,23.0
7779,28,28.0
12189,81,81.0
2820,40,40.0
4708,48,48.0
1786,54,54.0
11274,65,65.0
2777,85,85.0
10584,43,43.0
9718,46,46.0
5317,18,18.0
10066,15,15.0
7393,32,32.0
6412,4,4.0
8518,8,8.0
10191,62,62.0
7322,90,90.0
2218,25,25.0
10812,75,75.0
8149,25,25.0
9582,17,17.0
11116,45,45.0
4842,49,49.0
12197,95,95.0
2688,5,5.0
4089,23,23.0
11889,52,52.0
9502,5,5.0
8404,14,14.0
8997,89,89.0
2392,61,59.0
216,51,51.0
10502,27,27.0
10184,50,28.0
8060,95,95.0
8724,29,29.0
921,38,38.0
866,35,35.0
5531,90,90.0
8191,95,95.0
17,6,6.0
5762,85,85.0
7268,40,40.0
2372,2,2.0
10271,18,18.0
7563,12,12.0
5478,57,57.0
12163,77,77.0
2216,1,1.0
6282,78,78.0
7859,95,95.0
9896,95,95.0
4894,55,55.0
3938,19,19.0
5473,58,58.0
4442,4,4.0
6300,32,32.0
795,61,61.0
8139,89,89.0
11439,21,21.0
4439,17,17.0
4850,22,22.0
2973,71,71.0
5329,39,37.0
6808,68,68.0
6950,9,9.0
8076,4,4.0
532,69,69.0
2882,51,51.0
5903,6,6.0
1747,5,5.0
7058,88,88.0
6196,1,1.0
11642,76,76.0
11282,60,60.0
6997,6,6.0
5264,57,57.0
683,42,42.0
8765,59,61.0
5608,77,77.0
7921,48,48.0
577,33,33.0
11985,93,93.0
3233,6,6.0
6186,100,100.0
6080,24,25.0
9696,95,95.0
5257,92,92.0
8718,94,94.0
6214,86,86.0
761,62,62.0
8079,57,57.0
3523,33,33.0
796,57,57.0
5323,84,84.0
10737,67,67.0
4367,27,27.0
9281,95,95.0
6918,37,37.0
8637,61,59.0
10265,78,78.0
4826,41,41.0
4096,77,77.0
5635,95,95.0
6865,87,87.0
5795,73,73.0
11989,85,85.0
8193,99,99.0
2948,92,92.0
3404,18,18.0
11987,61,61.0
7885,85,85.0
7159,86,86.0
2927,67,67.0
455,8,8.0
10095,54,54.0
11511,78,78.0
7364,9,9.0
1984,38,38.0
7467,14,14.0
1041,22,22.0
4184,60,60.0
1950,83,83.0
9669,22,22.0
173,52,52.0
11785,93,93.0
169,66,66.0
5922,14,14.0
11629,86,86.0
2766,61,61.0
11587,33,33.0
4220,76,76.0
11407,17,17.0
1272,28,28.0
5321,22,22.0
960,71,71.0
7803,63,63.0
6032,44,44.0
8409,4,4.0
9861,57,57.0
883,39,37.0
7931,49,49.0
6379,7,7.0
2325,40,40.0
799,78,78.0
5689,47,47.0
1655,61,61.0
9864,72,72.0
7222,66,66.0
8183,44,44.0
5369,71,71.0
5683,19,19.0
8913,46,46.0
10058,16,16.0
6734,4,4.0
10449,79,79.0
6880,36,36.0
4533,38,38.0
11620,34,34.0
3492,82,82.0
1783,82,82.0
4029,61,59.0
2087,22,22.0
1160,25,25.0
1479,100,100.0
4705,64,64.0
9869,13,13.0
9901,20,20.0
4845,97,97.0
8117,50,50.0
2631,21,21.0
720,24,24.0
586,1,1.0
7445,57,57.0
7599,25,25.0
4549,40,40.0
6676,90,90.0
8398,23,23.0
2316,6,6.0
4560,43,43.0
9712,6,6.0
7439,7,7.0
2848,86,86.0
1147,98,98.0
11576,100,100.0
2124,12,12.0
8962,7,7.0
3254,58,58.0
10588,61,61.0
10530,57,57.0
5277,62,62.0
8929,47,62.0
8703,6,6.0
12157,61,59.0
3247,88,88.0
11323,74,74.0
2412,15,15.0
7672,21,21.0
10585,53,53.0
3045,66,66.0
3378,24,24.0
11932,87,87.0
7658,40,40.0
1501,24,24.0
10440,32,32.0
5499,6,6.0
3488,87,87.0
8784,14,14.0
9966,87,87.0
9866,52,52.0
103,44,44.0
9545,56,56.0
11490,15,15.0
1626,58,58.0
5477,89,89.0
484,67,67.0
3011,7,7.0
8478,59,61.0
11525,27,27.0
83,15,15.0
9241,32,32.0
11602,17,13.0
11972,46,46.0
3698,57,57.0
2677,16,16.0
4209,33,33.0
9384,3,3.0
5425,4,4.0
291,24,25.0
4934,100,100.0
6878,94,94.0
10741,69,69.0
5412,93,93.0
3323,58,58.0
11087,43,43.0
4105,9,9.0
1472,89,89.0
3942,75,75.0
4317,50,50.0
12236,97,97.0
5009,50,50.0
2861,69,69.0
7223,2,2.0
10279,18,18.0
3608,13,13.0
6730,44,44.0
1255,36,36.0
5234,60,60.0
4773,20,20.0
5361,14,14.0
3238,6,6.0
578,93,93.0
5145,4,4.0
1511,61,61.0
9706,17,17.0
3520,48,48.0
1965,12,12.0
6685,37,37.0
6323,32,32.0
10325,80,80.0
414,95,95.0
3014,66,66.0
5524,82,82.0
3033,29,29.0
11290,57,57.0
11055,93,93.0
8645,8,8.0
3469,2,2.0
621,22,22.0
6817,4,4.0
3693,99,99.0
7444,22,22.0
10111,17,17.0
4395,28,28.0
11652,93,93.0
9306,8,8.0
10448,27,27.0
265,36,36.0
833,26,29.0
3973,9,9.0
9963,63,63.0
7998,95,95.0
1285,100,100.0
1608,44,44.0
7414,33,33.0
4989,75,75.0
68,11,11.0
2127,5,5.0
11384,100,100.0
10945,73,73.0
2495,31,31.0
5128,1,1.0
3615,76,76.0
4816,22,22.0
11864,77,77.0
11133,34,70.0
1396,43,43.0
259,93,93.0
6822,66,66.0
6179,92,92.0
2874,26,29.0
10719,13,13.0
1671,36,36.0
4394,22,22.0
7316,43,43.0
2678,49,49.0
11645,1,1.0
756,44,44.0
1201,76,79.0
7688,48,43.0
7972,60,60.0
3070,39,37.0
4954,97,97.0
7238,95,95.0
4441,45,45.0
8911,8,8.0
1744,83,83.0
11910,9,9.0
3315,10,10.0
5613,50,28.0
11948,14,14.0
2055,54,54.0
694,19,19.0
4414,9,9.0
10452,49,49.0
1807,10,10.0
6020,52,52.0
11833,35,35.0
6373,39,37.0
5905,62,62.0
11597,73,73.0
8807,51,51.0
8573,42,42.0
9571,20,20.0
3297,19,19.0
4127,39,37.0
7194,14,14.0
9657,89,89.0
9640,39,37.0
11479,72,72.0
10960,15,15.0
11880,1,1.0
7959,25,25.0
4629,26,29.0
11267,58,58.0
5960,37,37.0
8484,87,87.0
4194,40,40.0
3540,86,86.0
11101,37,37.0
10104,26,29.0
7578,41,41.0
3817,61,61.0
11417,14,14.0
8354,93,93.0
1463,99,99.0
2221,57,57.0
1237,62,62.0
7831,89,89.0
3562,79,79.0
9364,84,84.0
8630,86,86.0
3037,30,30.0
11124,3,3.0
10711,83,83.0
9027,16,16.0
9119,25,24.0
4884,43,43.0
10402,47,47.0
7209,1,1.0
3617,26,26.0
3658,79,79.0
2210,25,25.0
10835,95,95.0
2154,19,15.0
12134,51,51.0
819,9,9.0
1935,44,44.0
3312,8,8.0
7199,52,52.0
8990,62,62.0
3688,60,60.0
6234,56,56.0
6387,25,24.0
8968,53,53.0
10576,3,3.0
7132,64,64.0
1670,47,47.0
11311,23,23.0
1061,39,37.0
11255,87,87.0
10895,62,62.0
6454,86,86.0
1254,75,75.0
952,23,23.0
8430,15,15.0
9683,3,3.0
3842,1,1.0
11947,59,61.0
1118,73,73.0
11005,14,14.0
5900,40,40.0
10324,3,3.0
8361,14,14.0
1718,37,37.0
7925,40,40.0
6188,3,3.0
9937,81,81.0
11020,55,55.0
8235,69,69.0
10915,77,77.0
8868,19,19.0
10834,96,96.0
6620,84,74.0
10234,37,37.0
5466,22,22.0
8936,28,28.0
2036,89,89.0
2673,19,19.0
10116,91,91.0
9624,80,80.0
5964,15,15.0
11356,12,15.0
5245,58,58.0
2992,75,75.0
1056,99,99.0
1146,7,7.0
7602,79,79.0
1937,74,74.0
4685,55,55.0
10981,38,38.0
4601,98,98.0
9895,21,21.0
6522,84,84.0
9531,99,99.0
9663,94,94.0
8,39,37.0
7533,64,64.0
7713,63,63.0
7391,94,94.0
9341,88,88.0
10216,10,10.0
96,42,42.0
1459,99,99.0
1082,94,94.0
6077,4,4.0
426,31,31.0
10381,96,96.0
1883,28,28.0
7458,3,3.0
5079,15,15.0
6762,19,19.0
10956,3,3.0
2522,88,88.0
10855,63,63.0
5664,1,1.0
10069,22,22.0
5716,1,1.0
5932,59,59.0
979,92,92.0
4148,44,44.0
1042,45,45.0
11496,47,47.0
10914,58,58.0
4295,55,55.0
12014,66,66.0
1592,45,45.0
4191,33,33.0
3090,85,85.0
2585,28,28.0
11936,19,19.0
3647,71,71.0
3858,90,90.0
12125,23,23.0
3,81,81.0
8794,36,36.0
11618,18,18.0
10057,7,7.0
6876,81,81.0
11726,29,29.0
439,54,54.0
2928,94,94.0
2238,51,51.0
5537,85,85.0
11032,77,77.0
88,4,4.0
8692,37,37.0
7571,61,61.0
4047,85,85.0
274,7,7.0
1281,5,5.0
9107,6,6.0
5725,64,64.0
4351,44,44.0
3194,63,63.0
8687,95,95.0
11376,6,6.0
5062,77,77.0
5676,98,98.0
4667,21,21.0
415,61,61.0
2318,44,44.0
7936,22,22.0
2337,36,36.0
710,87,87.0
10278,21,36.0
5493,94,94.0
407,14,14.0
8118,98,98.0
10121,57,57.0
7298,17,13.0
3784,44,44.0
12102,72,72.0
11545,31,31.0
8379,67,67.0
10525,27,27.0
7819,94,94.0
3065,99,99.0
6821,61,61.0
1523,36,36.0
8282,59,61.0
1110,2,2.0
10098,3,3.0
1406,97,97.0
6743,62,62.0
5528,28,28.0
10303,65,65.0
5928,98,98.0
9612,76,76.0
8938,27,27.0
11331,15,15.0
633,45,45.0
2447,86,86.0
4353,47,47.0
8385,4,4.0
11791,14,14.0
131,31,31.0
2760,61,61.0
9532,81,81.0
9680,79,79.0
774,53,71.0
7760,29,29.0
6192,6,6.0
469,42,42.0
7211,95,95.0
11225,57,57.0
8926,39,37.0
2980,56,56.0
7958,97,97.0
11201,35,35.0
12300,14,14.0
563,98,98.0
1905,68,68.0
5024,47,47.0
3305,7,7.0
4864,3,3.0
1576,100,100.0
5353,82,82.0
10876,30,30.0
9377,33,33.0
12187,26,29.0
3519,37,37.0
79,95,95.0
11292,21,21.0
2507,75,75.0
8661,13,13.0
11226,53,53.0
2771,78,78.0
11002,75,75.0
3421,78,78.0
10028,25,25.0
2993,25,24.0
5500,9,9.0
9419,49,49.0
1904,15,19.0
8061,49,49.0
1851,9,9.0
7727,18,18.0
4948,93,93.0
2873,71,71.0
9740,89,89.0
1145,70,70.0
5773,17,17.0
7886,20,20.0
9072,2,2.0
11771,73,73.0
852,13,13.0
1494,37,37.0
12239,60,60.0
7623,79,79.0
4256,67,67.0
1805,41,41.0
6899,81,81.0
10327,17,17.0
8943,61,59.0
188,13,13.0
1123,86,86.0
10978,85,85.0
2303,82,82.0
6366,43,43.0
1594,19,19.0
6058,2,2.0
500,3,3.0
10982,85,85.0
6850,16,16.0
4604,65,65.0
8327,3,3.0
5682,58,58.0
590,7,7.0
7135,44,44.0
5654,71,71.0
9943,6,6.0
11092,57,57.0
2075,20,20.0
10547,6,6.0
3886,86,86.0
8776,5,5.0
777,6,6.0
2340,86,86.0
8196,37,37.0
1194,25,25.0
8387,10,10.0
5748,48,48.0
10972,43,43.0
9056,38,38.0
4872,44,44.0
12093,58,58.0
1113,55,55.0
3685,75,75.0
8775,37,37.0
9535,47,47.0
3222,4,4.0
6025,95,95.0
9103,3,3.0
8126,22,22.0
4768,45,45.0
565,85,85.0
8360,44,44.0
1803,17,17.0
3458,7,7.0
7063,60,60.0
1642,29,29.0
5945,50,50.0
2483,58,58.0
4607,41,41.0
2254,45,45.0
6618,31,31.0
46,47,47.0
1149,2,2.0
6112,42,42.0
11808,29,26.0
765,21,21.0
10298,50,50.0
4814,52,52.0
1566,80,80.0
6946,33,33.0
6213,94,94.0
6498,5,5.0
8247,24,24.0
12132,23,23.0
11034,63,63.0
4410,97,97.0
5236,35,35.0
1011,42,43.0
11887,93,93.0
10899,10,10.0
5044,57,57.0
2319,89,89.0
12182,29,29.0
5610,99,99.0
7624,82,82.0
10784,95,95.0
6466,1,1.0
8314,3,3.0
10442,16,16.0
4165,61,61.0
10549,90,90.0
4532,95,95.0
5262,42,42.0
1345,32,32.0
1444,30,30.0
8165,100,100.0
10977,24,25.0
10542,42,42.0
80,76,76.0
5707,58,58.0
5046,59,59.0
335,47,47.0
5605,23,23.0
8482,57,57.0
3002,77,77.0
1572,97,97.0
8423,85,85.0
10659,21,21.0
879,97,97.0
7947,61,61.0
10509,40,40.0
1509,28,28.0
1896,26,29.0
4829,32,32.0
11750,80,80.0
8610,3,3.0
8479,74,74.0
1845,47,47.0
111,25,24.0
472,93,93.0
9787,24,25.0
3422,51,37.0
8119,33,33.0
9353,36,36.0
4156,97,97.0
10235,29,26.0
1183,37,37.0
8114,14,14.0
3860,75,75.0
9522,59,61.0
2540,24,25.0
2108,82,82.0
2628,88,88.0
5027,35,35.0
6621,52,52.0
8628,3,3.0
8370,93,93.0
10495,11,11.0
9030,13,13.0
10359,89,89.0
10610,89,89.0
3613,8,8.0
3669,41,41.0
4606,17,17.0
5284,4,4.0
10545,95,95.0
5210,100,100.0
11349,12,12.0
7488,66,66.0
6703,60,60.0
5363,23,23.0
1193,22,22.0
45,55,55.0
4024,4,4.0
10875,29,29.0
8563,53,73.0
1578,8,8.0
9972,75,75.0
5865,85,85.0
7044,88,88.0
1584,86,86.0
3813,78,78.0
7530,18,18.0
10500,60,60.0
3678,58,58.0
7136,4,4.0
3928,78,78.0
6086,83,83.0
315,6,6.0
11302,6,6.0
9484,22,22.0
6877,7,7.0
9605,79,79.0
10778,20,20.0
1624,6,6.0
6107,64,64.0
3116,16,16.0
10780,8,8.0
4279,15,15.0
10773,91,91.0
3139,12,12.0
7663,3,3.0
1071,6,6.0
9529,49,49.0
10944,65,65.0
10378,98,98.0
10217,21,21.0
7220,27,27.0
409,30,30.0
8480,53,46.0
6682,45,45.0
2856,28,28.0
576,7,7.0
2473,10,10.0
8276,39,37.0
7572,58,58.0
713,63,63.0
11571,46,46.0
3132,14,14.0
1087,62,62.0
10142,36,36.0
2335,27,27.0
4215,87,87.0
2417,23,23.0
9115,79,79.0
1454,79,79.0
5526,45,45.0
2589,75,75.0
5111,41,41.0
881,7,6.0
1710,39,37.0
3264,92,92.0
7255,8,8.0
2464,4,4.0
8641,40,40.0
4147,32,32.0
2245,61,61.0
9961,8,8.0
11770,73,73.0
5332,5,5.0
3369,36,36.0
6977,85,85.0
9192,86,86.0
3094,66,66.0
7502,6,6.0
1597,26,29.0
11810,51,51.0
3889,97,97.0
8550,86,86.0
8879,33,33.0
12034,82,82.0
8846,43,43.0
11095,25,25.0
1180,51,51.0
6057,39,39.0
1911,24,24.0
9068,41,41.0
8067,15,15.0
2214,63,63.0
7346,49,49.0
5015,48,48.0
7753,48,43.0
3680,85,85.0
9727,7,7.0
3393,89,89.0
10995,79,79.0
7750,82,82.0
3206,12,12.0
10860,24,24.0
8140,44,44.0
8408,5,5.0
1691,28,28.0
4412,24,24.0
123,72,72.0
10843,58,58.0
1952,83,83.0
11270,65,65.0
6064,58,58.0
3328,13,13.0
2714,64,64.0
4830,85,85.0
3126,93,93.0
9985,99,99.0
12149,15,15.0
11832,80,80.0
4832,19,19.0
11409,93,93.0
10264,75,75.0
8359,25,24.0
4115,97,97.0
4880,20,20.0
3282,10,10.0
2715,66,66.0
1891,82,82.0
4110,3,3.0
11079,27,27.0
295,25,25.0
9245,12,12.0
3146,90,90.0
4580,14,14.0
9239,70,70.0
1785,14,14.0
9451,19,19.0
286,56,56.0
6158,60,60.0
9156,93,93.0
1758,61,61.0
4484,50,28.0
1284,62,62.0
3088,89,89.0
5265,40,40.0
10393,4,4.0
8115,58,58.0
11508,57,57.0
